[{"index":0,"url":"/batman","name":"Batman","shortdescription":"Fighting crime in Gotham one day at a time.","desc":"Batman is the true hero of Gotham. Gotham City is infested with crime. The ultimate enemy of Batman is a thug called the Joker. However, the Joker stands no chance against Batman.","image":"/Batman.jpg","bigimage":"/BatmanBIG.jpg","universe":"dc","alias":"Bruce Wayne","favorite":false},{"index":1,"url":"/hulk","name":"Hulk","shortdescription":"Apart of the group called the Avengers, goes to anger management class from time to time.","desc":"Hulk has an insane ability. Hulk's ability allows him to transform into a total green monster! Once Hulk joined the Avengers the world was totally a safer place. Once Thanon was defeated Hulk setteled down and lives a normal life!","image":"/Hulk.jpg","bigimage":"/HulkBIG.jpg","universe":"marvel","alias":"Bruce Banner","favorite":false},{"index":2,"url":"/superman","name":"Superman","shortdescription":"Grew up as a foster child, highly vunerable to kryptonite","desc":"Superman has multiple super-powers. These super-powers include flight, x-ray vision, super strength, and the ability to shoot lasers out of his eyes! Superman fights enemies that are great risk to the human race. Superman has always been one my favorite heros of all time!","image":"/Superman.jpg","bigimage":"/SupermanBIG.jpg","universe":"dc","alias":"Clark Kent","favorite":false},{"index":3,"url":"/wonderwoman","name":"WonderWoman","shortdescription":"Wonder Woman is an Amazonian princess named Diana, who is trained in combat and possesses superhuman strength, agility, and durability. ","desc":"Wonder Woman is a symbol of justice, equality, and empowerment, often fighting for peace and promoting the values of love and compassion in the DC Universe.","image":"/Wonderwoman.jpg","bigimage":"/WonderwomanBIG.jpg","universe":"dc","alias":"Diana Prince","favorite":false},{"index":4,"url":"/flash","name":"Flash","shortdescription":"The Flash is a fictional superhero in DC Comics known for his incredible speed and agility.","desc":"The character, whose civilian identity is typically Barry Allen, gains superhuman speed after a laboratory accident involving a lightning strike and chemicals. As the Scarlet Speedster, The Flash uses his powers to fight crime, protect Central City, and serve as a founding member of the Justice League.","image":"/Flash.jpg","bigimage":"/FlashBIG.jpg","universe":"dc","alias":"Barry Allen","favorite":false},{"index":5,"url":"/ironman","name":"Ironman","shortdescription":"Tony Stark becomes a superhero, using his technological prowess and intellect to fight against various threats to humanity.","desc":"Tony Stark is a wealthy industrialist and genius inventor who builds a powered exoskeleton suit of armor equipped with advanced technology. The Iron Man suit grants him superhuman strength, flight capability, and an array of weapons.","image":"/Ironman.jpg","bigimage":"/IronmanBIG.jpg","universe":"marvel","alias":"Tony Stark","favorite":false}]