[
    {"id": 0, "url": "/bluey", "name": "Bluey Heeler", "desc": "Bluey is the oldest of the Heeler children.  She is a Blue Heeler pup and is very outgoing.", "image":"/bluey.png"},
    {"id": 1, "url": "/bingo", "name": "Bingo Heeler", "desc": "Bingo is the younger of the Heeler girls.  She is a Red Heeler pup and is a bit shy at times.", "image":"/bingo.png"},
    {"id": 2, "url": "/bandit", "name": "Bandit Heeler", "desc": "Bandit is the father of the two Heeler girls.  He works as an archaeologist and is an unending source of imaginative games for his girls.", "image":"/bandit.png"},
    {"id": 3, "url": "/chili", "name": "Chili Heeler", "desc": "Chili is the mother of the two Heeler girls.  She works in airport security while prioritizing family-time and goofy games.", "image":"/chili.png"}
]