[
    {"index": 0, "url": "/batman", "name": "Batman", "desc": "Batman is the true hero of Gotham. Gotham City is infested with crime. The ultimate enemy of Batman is a thug called the Joker. However, the Joker stands no chance against Batman.", "image":"/Batman.jpg"},
    {"index": 1, "url": "/hulk", "name": "Hulk", "desc": "Hulk has an insane ability. Hulk's ability allows him to transform into a total green monster! Once Hulk joined the Avengers the world was totally a safer place. Once Thanon was defeated Hulk setteled down and lives a normal life!", "image":"/Hulk.jpg"},
    {"index": 2, "url": "/superman", "name": "Superman", "desc": "Superman has multiple super-powers. These super-powers include flight, x-ray vision, super strength, and the ability to shoot lasers out of his eyes! Superman fights enemies that are great risk to the human race. Superman has always been one my favorite heros of all time!", "image":"/Superman.jpg"}
]